<?xml version="1.0" encoding="UTF-8"?>
<project-private xmlns="http://www.netbeans.org/ns/project-private/1">
    <editor-bookmarks xmlns="http://www.netbeans.org/ns/editor-bookmarks/2" lastBookmarkId="0"/>
    <open-files xmlns="http://www.netbeans.org/ns/projectui-open-files/2">
        <group>
            <file>file:/C:/Users/usuario/Downloads/biblioteca/ITPLibrary-main/ITPLibrary-main/src/itp_library/Connect.java</file>
            <file>file:/C:/Users/usuario/Downloads/biblioteca/ITPLibrary-main/ITPLibrary-main/src/itp_library/Users.java</file>
            <file>file:/C:/Users/usuario/Downloads/biblioteca/ITPLibrary-main/ITPLibrary-main/src/itp_library/Reports.java</file>
            <file>file:/C:/Users/usuario/Downloads/biblioteca/ITPLibrary-main/ITPLibrary-main/src/itp_library/Principal.java</file>
            <file>file:/C:/Users/usuario/Downloads/biblioteca/ITPLibrary-main/ITPLibrary-main/src/itp_library/UpUsers.java</file>
            <file>file:/C:/Users/usuario/Downloads/biblioteca/ITPLibrary-main/ITPLibrary-main/src/itp_library/Books.java</file>
            <file>file:/C:/Users/usuario/Downloads/biblioteca/ITPLibrary-main/ITPLibrary-main/src/itp_library/Returns.java</file>
            <file>file:/C:/Users/usuario/Downloads/biblioteca/ITPLibrary-main/ITPLibrary-main/src/itp_library/Lendings.java</file>
            <file>file:/C:/Users/usuario/Downloads/biblioteca/ITPLibrary-main/ITPLibrary-main/src/itp_library/UpBooks.java</file>
            <file>file:/C:/Users/usuario/Downloads/biblioteca/ITPLibrary-main/ITPLibrary-main/src/itp_library/Dashboard.java</file>
        </group>
    </open-files>
</project-private>
